{"cameraMode":{"drawMode":0,"name":"Shaded","section":"Shading Mode"},"sceneLighting":true,"audioPlay":false,"sceneViewState":{"m_AlwaysRefresh":false,"showFog":true,"showSkybox":true,"showFlares":true,"showImageEffects":true,"showParticleSystems":true,"showVisualEffectGraphs":true,"m_FxEnabled":true},"in2DMode":false,"pivot":{"x":28.65784454345703,"y":-32.47883224487305,"z":5.712127685546875},"rotation":{"x":0.4581184685230255,"y":-0.041557397693395618,"z":0.021510882303118707,"w":0.8877560496330261},"size":37.91450881958008,"orthographic":false}