{"cameraMode":{"drawMode":0,"name":"Shaded","section":"Shading Mode"},"sceneLighting":true,"audioPlay":false,"sceneViewState":{"m_AlwaysRefresh":false,"showFog":true,"showSkybox":true,"showFlares":true,"showImageEffects":true,"showParticleSystems":true,"showVisualEffectGraphs":true,"m_FxEnabled":true},"in2DMode":false,"pivot":{"x":38.63035583496094,"y":30.110179901123048,"z":-41.808372497558597},"rotation":{"x":-0.4325121343135834,"y":0.016932176426053048,"z":-0.008364145644009114,"w":-0.9015814661979675},"size":1.1280514001846314,"orthographic":false}