{"cameraMode":{"drawMode":0,"name":"Shaded","section":"Shading Mode"},"sceneLighting":true,"audioPlay":false,"sceneViewState":{"m_AlwaysRefresh":false,"showFog":true,"showSkybox":true,"showFlares":true,"showImageEffects":true,"showParticleSystems":true,"showVisualEffectGraphs":true,"m_FxEnabled":true},"in2DMode":false,"pivot":{"x":13.264877319335938,"y":10.308687210083008,"z":-21.658275604248048},"rotation":{"x":0.5921781659126282,"y":0.12278452515602112,"z":-0.09281617403030396,"w":0.7912266254425049},"size":4.629525184631348,"orthographic":false}