{"cameraMode":{"drawMode":0,"name":"Shaded","section":"Shading Mode"},"sceneLighting":true,"audioPlay":false,"sceneViewState":{"m_AlwaysRefresh":false,"showFog":true,"showSkybox":true,"showFlares":true,"showImageEffects":true,"showParticleSystems":true,"showVisualEffectGraphs":true,"m_FxEnabled":true},"in2DMode":false,"pivot":{"x":31.263566970825197,"y":-38.677371978759769,"z":8.606635093688965},"rotation":{"x":0.441144198179245,"y":-0.013977129943668843,"z":0.006934817414730787,"w":0.8973755836486816},"size":43.8369255065918,"orthographic":false}