{"cameraMode":{"drawMode":0,"name":"Shaded","section":"Shading Mode"},"sceneLighting":true,"audioPlay":false,"sceneViewState":{"m_AlwaysRefresh":false,"showFog":true,"showSkybox":true,"showFlares":true,"showImageEffects":true,"showParticleSystems":true,"showVisualEffectGraphs":true,"m_FxEnabled":true},"in2DMode":false,"pivot":{"x":30.594215393066408,"y":30.472448348999025,"z":-42.703556060791019},"rotation":{"x":0.4555566608905792,"y":-0.022002456709742547,"z":0.011662106961011887,"w":0.8899809122085571},"size":0.948986828327179,"orthographic":false}