{"cameraMode":{"drawMode":0,"name":"Shaded","section":"Shading Mode"},"sceneLighting":true,"audioPlay":false,"sceneViewState":{"m_AlwaysRefresh":false,"showFog":true,"showSkybox":true,"showFlares":true,"showImageEffects":true,"showParticleSystems":true,"showVisualEffectGraphs":true,"m_FxEnabled":true},"in2DMode":false,"pivot":{"x":22.340877532958986,"y":22.103172302246095,"z":-30.665544509887697},"rotation":{"x":0.4485729932785034,"y":-0.1082184761762619,"z":0.05526154115796089,"w":0.8855737447738648},"size":0.948986828327179,"orthographic":false}