{"cameraMode":{"drawMode":0,"name":"Shaded","section":"Shading Mode"},"sceneLighting":false,"audioPlay":false,"sceneViewState":{"m_AlwaysRefresh":false,"showFog":true,"showSkybox":false,"showFlares":true,"showImageEffects":true,"showParticleSystems":true,"showVisualEffectGraphs":true,"m_FxEnabled":true},"in2DMode":false,"pivot":{"x":-19.5000057220459,"y":0.5000001192092896,"z":-0.15000005066394807},"rotation":{"x":-0.28610214591026308,"y":0.04127556085586548,"z":-0.012697231024503708,"w":-0.9573670625686646},"size":19.50699234008789,"orthographic":false}