{"cameraMode":{"drawMode":0,"name":"Shaded","section":"Shading Mode"},"sceneLighting":false,"audioPlay":false,"sceneViewState":{"m_AlwaysRefresh":false,"showFog":true,"showSkybox":false,"showFlares":true,"showImageEffects":true,"showParticleSystems":true,"showVisualEffectGraphs":true,"m_FxEnabled":true},"in2DMode":false,"pivot":{"x":37.510074615478519,"y":-47.544376373291019,"z":16.438806533813478},"rotation":{"x":0.462725430727005,"y":-0.06702844798564911,"z":0.03496804088354111,"w":0.8835932612419128},"size":43.939598083496097,"orthographic":false}