{"cameraMode":{"drawMode":0,"name":"Shaded","section":"Shading Mode"},"sceneLighting":false,"audioPlay":false,"sceneViewState":{"m_AlwaysRefresh":false,"showFog":true,"showSkybox":false,"showFlares":true,"showImageEffects":true,"showParticleSystems":true,"showVisualEffectGraphs":true,"m_FxEnabled":true},"in2DMode":false,"pivot":{"x":-11.677790641784668,"y":10.113423347473145,"z":-13.976080894470215},"rotation":{"x":-0.32183268666267397,"y":0.036701202392578128,"z":-0.013201978988945485,"w":-0.94612056016922},"size":0.7228416204452515,"orthographic":false}