{"cameraMode":{"drawMode":0,"name":"Shaded","section":"Shading Mode"},"sceneLighting":false,"audioPlay":false,"sceneViewState":{"m_AlwaysRefresh":false,"showFog":true,"showSkybox":false,"showFlares":true,"showImageEffects":true,"showParticleSystems":true,"showVisualEffectGraphs":true,"m_FxEnabled":true},"in2DMode":false,"pivot":{"x":3.1500015258789064,"y":0.5000001192092896,"z":-1.7500001192092896},"rotation":{"x":-0.5030718445777893,"y":-0.030306709930300714,"z":0.017125247046351434,"w":-0.8636962175369263},"size":3.7914392948150636,"orthographic":false}