{"cameraMode":{"drawMode":0,"name":"Shaded","section":"Shading Mode"},"sceneLighting":false,"audioPlay":false,"sceneViewState":{"m_AlwaysRefresh":false,"showFog":true,"showSkybox":false,"showFlares":true,"showImageEffects":true,"showParticleSystems":true,"showVisualEffectGraphs":true,"m_FxEnabled":true},"in2DMode":false,"pivot":{"x":-1.1141937971115113,"y":2.845371961593628,"z":-3.390617609024048},"rotation":{"x":-0.31705981492996218,"y":0.06526210904121399,"z":-0.022231929004192354,"w":-0.9460204839706421},"size":0.7228416204452515,"orthographic":false}